"time","wheel.vT","wheel.wR","wheel.den","wheel.contactPoint_a.slip"
0,30,100,30,0
0.02,30,100,30,0
0.04,30,100,30,0
0.06,30,100,30,0
0.08,30,100,30,0
0.1,30,100,30,0
0.12,30,100,30,0
0.14,30,100,30,0
0.16,30,100,30,0
0.18,30,100,30,0
0.2,30,100,30,0
0.22,30,100,30,0
0.24,30,100,30,0
0.26,30,100,30,0
0.28,30,100,30,0
0.3,30,100,30,0
0.32,30,100,30,0
0.34,30,100,30,0
0.36,30,100,30,0
0.38,30,100,30,0
0.4,30,100,30,0
0.42,30,100,30,0
0.44,30,100,30,0
0.46,30,100,30,0
0.48,30,100,30,0
0.5,30,100,30,0
0.52,30,100,30,0
0.54,30,100,30,0
0.56,30,100,30,0
0.58,30,100,30,0
0.6,30,100,30,0
0.62,30,100,30,0
0.64,30,100,30,0
0.66,30,100,30,0
0.68,30,100,30,0
0.7,30,100,30,0
0.72,30,100,30,0
0.74,30,100,30,0
0.76,30,100,30,0
0.78,30,100,30,0
0.8,30,100,30,0
0.82,30,100,30,0
0.84,30,100,30,0
0.86,30,100,30,0
0.88,30,100,30,0
0.9,30,100,30,0
0.92,30,100,30,0
0.94,30,100,30,0
0.96,30,100,30,0
0.98,30,100,30,0
1,30,100,30,0
1.02,30,100,30,0
1.04,30,100,30,0
1.06,30,100,30,0
1.08,30,100,30,0
1.1,30,100,30,0
1.12,30,100,30,0
1.14,30,100,30,0
1.16,30,100,30,0
1.18,30,100,30,0
1.2,30,100,30,0
1.22,30,100,30,0
1.24,30,100,30,0
1.26,30,100,30,0
1.28,30,100,30,0
1.3,30,100,30,0
1.32,30,100,30,0
1.34,30,100,30,0
1.36,30,100,30,0
1.38,30,100,30,0
1.4,30,100,30,0
1.42,30,100,30,0
1.44,30,100,30,0
1.46,30,100,30,0
1.48,30,100,30,0
1.5,30,100,30,0
1.52,30,100,30,0
1.54,30,100,30,0
1.56,30,100,30,0
1.58,30,100,30,0
1.6,30,100,30,0
1.62,30,100,30,0
1.64,30,100,30,0
1.66,30,100,30,0
1.68,30,100,30,0
1.7,30,100,30,0
1.72,30,100,30,0
1.74,30,100,30,0
1.76,30,100,30,0
1.78,30,100,30,0
1.8,30,100,30,0
1.82,30,100,30,0
1.84,30,100,30,0
1.86,30,100,30,0
1.88,30,100,30,0
1.9,30,100,30,0
1.92,30,100,30,0
1.94,30,100,30,0
1.96,30,100,30,0
1.98,30,100,30,0
2,30,100,30,0
2,30,100,30,0
2,30,100,30,0
2.000000002859884,30,100,30,-2.3684757858670006e-16
2.000000002859884,30,100,30,-2.3684757858670006e-16
2.02,29.99848360635377,99.78464509495375,29.99848360635377,-0.0021031089002873085
2.04,29.990622843269794,99.36565770699454,29.990622843269794,-0.006032736702966939
2.06,29.974626065956155,98.88871465886741,29.974626065956155,-0.010275746813928024
2.08,29.95037307891516,98.39527664024055,29.95037307891516,-0.014416851693475948
2.1,29.918190854682564,97.89714423610084,29.918190854682564,-0.018351630501962028
2.12,29.87850791293184,97.39767583263189,29.87850791293184,-0.022062854178101762
2.14,29.83175828650429,96.89782713509099,29.83175828650429,-0.025556996629390868
2.16,29.77835623745449,96.39787024030758,29.77835623745449,-0.028846292203388763
2.18,29.718690889356964,95.89788247711792,29.718690889356964,-0.03194374038062252
2.2,29.653126318117422,95.3978860738782,29.653126318117422,-0.034861770892681825
2.22,29.58200304615436,94.89788708715272,29.58200304615436,-0.037611953398577674
2.24,29.505639768862384,94.39788726099549,29.505639768862384,-0.040204977755324715
2.26,29.424335023200083,93.89788732497925,29.424335023200083,-0.042650711552760893
2.28,29.338368724029593,93.39788730083154,29.338368724029593,-0.04495827788474835
2.3,29.248003565405774,92.89788734731516,29.248003565405774,-0.047136118474830305
2.32,29.153486298289405,92.39788741540674,29.153486298289405,-0.04919206090804759
2.34,29.055048871607234,91.8978874541171,29.055048871607234,-0.051133372445431396
2.36,28.952909481435167,91.39788737132966,28.952909481435167,-0.052966810503779896
2.38,28.84727353390976,90.89788726477711,28.84727353390976,-0.05469866511376926
2.4,28.738334517123025,90.39788732878868,28.738334517123025,-0.05633479969139471
2.42,28.62627479699362,89.8978873509085,28.62627479699362,-0.0578806918983074
2.44,28.51126635268897,89.39788735583173,28.51126635268897,-0.05934145909235931
2.46,28.39347145072015,88.89788735670639,28.39347145072015,-0.06072188977316844
2.48,28.273043268443505,88.39788735154194,28.273043268443505,-0.062026469748244654
2.5,28.150126448590843,87.89788735251018,28.150126448590843,-0.0632594047522274
2.52,28.02485763413568,87.3978873593132,28.02485763413568,-0.06442464221986062
2.54,27.897365983149214,86.8978873567,27.897365983149214,-0.06552589148536023
2.56,27.767773592209085,86.39788735769905,27.767773592209085,-0.06656663987702587
2.58,27.636195905551908,85.89788736490388,27.636195905551908,-0.06755016871572088
2.6,27.50274212107524,85.39788736999583,27.50274212107524,-0.06847956839304646
2.62,27.367515551430735,84.89788736088038,27.367515551430735,-0.06935775151381579
2.64,27.230613974975682,84.3978873541371,27.230613974975682,-0.07018746512623432
2.66,27.09212991881457,83.89788735483263,27.09212991881457,-0.07097130119066371
2.68,26.952150972510534,83.39788735849281,26.952150972510534,-0.07171170742305528
2.7,26.810760053148414,82.897887359674,26.810760053148414,-0.07241099623426134
2.72,26.66803566836656,82.39788735808592,26.66803566836656,-0.07307135348001215
2.74,26.524052155192482,81.89788735663957,26.524052155192482,-0.0736948463516708
2.76,26.37887990577763,81.39788735696983,26.37887990577763,-0.07428343074784988
2.78,26.232585578076915,80.89788735805314,26.232585578076915,-0.07483895801341342
2.8,26.085232294769572,80.39788735835938,26.085232294769572,-0.07536318116883094
2.82,25.936879830435966,79.89788735777124,25.936879830435966,-0.07585776068545415
2.84,25.78758478868189,79.39788735734074,25.78758478868189,-0.07632426989996823
2.86,25.637400767552535,78.89788735756822,25.637400767552535,-0.07676420001098049
2.88,25.48637851614722,78.39788735790532,25.48637851614722,-0.0771789647371595
2.9,25.33456608226404,77.89788735789604,25.33456608226404,-0.0775699046320358
2.92,25.182008951924715,77.39788735769521,25.182008951924715,-0.07793829111740276
2.94,25.028750181307498,76.89788735761648,25.028750181307498,-0.07828533026335062
2.96,24.87483052150416,76.39788735769933,24.87483052150416,-0.07861216632225373
2.98,24.7202885365427,75.89788735778353,24.7202885365427,-0.0789198850298085
3,24.56516071511471,75.3978873577734,24.56516071511471,-0.07920951669514072
3.02,24.409481576426636,74.89788735771744,24.409481576426636,-0.07948203910176715
3.04,24.253283770546727,74.39788735769686,24.253283770546727,-0.07973838023477164
3.06,24.09659817357617,73.897887357722,24.09659817357617,-0.0799794208450939
3.08,23.939453977941298,73.39788735774682,23.939453977941298,-0.08020599686135242
3.1,23.78187877804722,72.89788735774209,23.78187877804722,-0.08041890165927552
3.12,23.623898651733953,72.39788735772302,23.623898651733953,-0.08061888820697499
3.14,23.46553823753032,71.89788735771967,23.46553823753032,-0.08080667108592986
3.16,23.30682080799017,71.39788735773017,23.30682080799017,-0.08098292839768402
3.18,23.147768339534306,70.89788735773595,23.147768339534306,-0.08114830357125087
3.2,22.98840157878837,70.397887357732,22.98840157878837,-0.08130340707086597
3.22,22.828740105658188,69.89788735772704,22.828740105658188,-0.08144881801336121
3.24,22.66880239331539,69.39788735772721,22.66880239331539,-0.08158508570098032
3.26,22.50860586525483,68.8978873577302,22.50860586525483,-0.08171273107477943
3.28,22.348166949574694,68.39788735773152,22.348166949574694,-0.0818322480936202
3.3,22.187501130620188,67.89788735773031,22.187501130620188,-0.08194410504353512
3.32,22.026622998122836,67.39788735772895,22.026622998122836,-0.08204874578178291
3.34,21.865546293959703,66.89788735772902,21.865546293959703,-0.08214659091948633
3.36,21.704283956649643,66.39788735772993,21.704283956649643,-0.08223803894639949
3.38,21.542848163696767,65.89788735773028,21.542848163696767,-0.08232346730114781
3.4,21.381250371849422,65.39788735772987,21.381250371849422,-0.08240323338854678
3.42,21.219501355564006,64.89788735772945,21.219501355564006,-0.0824776755550982
3.44,21.057611243354014,64.39788735772956,21.057611243354014,-0.08254711400770838
3.46,20.895589552556288,63.897887357729864,20.895589552556288,-0.08261185169700798
3.48,20.733445222357457,63.3978873577299,20.733445222357457,-0.08267217515737067
3.5,20.57118664521054,62.89788735772974,20.57118664521054,-0.08272835530797346
3.52,20.408821696716387,62.39788735772966,20.408821696716387,-0.08278064821690866
3.54,20.24635776404071,61.8978873577297,20.24635776404071,-0.0828292958302002
3.56,20.0838017729338,61.39788735772978,20.0838017729338,-0.0828745266674542
3.58,19.921160213416766,60.89788735772978,19.921160213416766,-0.08291655648576944
3.6,19.75843916419506,60.397887357729736,19.75843916419506,-0.08295558891343813
3.62,19.595644315810816,59.8978873577297,19.595644315810816,-0.08299181605269994
3.64,19.432780991743876,59.39788735772972,19.432780991743876,-0.08302541901287465
3.66,19.26985417049525,58.89788735772967,19.26985417049525,-0.08305656851450967
3.68,19.106868506363732,58.39788735772969,19.106868506363732,-0.08308542545923167
3.7,18.943828350898162,57.89788735772974,18.943828350898162,-0.08311214155952756
3.72,18.780737758670423,57.397887357729786,18.780737758670423,-0.08313685923390611
3.74,18.617600520493635,56.89788735772977,18.617600520493635,-0.08315971284647869
3.76,18.454420167104573,56.39788735772975,18.454420167104573,-0.0831808285432841
3.78,18.291199994345906,55.89788735772973,18.291199994345906,-0.0832003251562178
3.8,18.127943064487827,55.3978873577297,18.127943064487827,-0.08321831394782908
3.82,17.964652235051595,54.89788735772971,17.964652235051595,-0.08323489974468674
3.84,17.801330158870055,54.39788735772973,17.801330158870055,-0.08325018065083767
3.86,17.63797930725672,53.897887357729736,17.63797930725672,-0.08326424894565876
3.88,17.47460197114572,53.39788735772976,17.47460197114572,-0.08327719087563171
3.9,17.311200282385,52.89788735772974,17.311200282385,-0.0832890875009524
3.92,17.147776214807948,52.39788735772973,17.147776214807948,-0.08330001450890916
3.94,16.984331602262646,51.89788735772973,16.984331602262646,-0.08331004293128773
3.96,16.82086814039319,51.39788735772972,16.82086814039319,-0.0833192390176786
3.98,16.657387402081735,50.89788735772973,16.657387402081735,-0.08332766485273384
4,16.49389084001252,50.397887357729736,16.49389084001252,-0.08333537829407356
4.02,16.330379799115978,49.89788735772975,16.330379799115978,-0.08334243346077783
4.04,16.166855520166635,49.397887357729736,16.166855520166635,-0.08334888074968251
4.06,16.003319149599047,48.89788735772974,16.003319149599047,-0.08335476720862281
4.08,15.839771743995223,48.39788735772973,15.839771743995223,-0.08336013662424556
4.1,15.676214277381115,47.897887357729736,15.676214277381115,-0.08336502977940399
4.12,15.51264764660484,47.39788735772973,15.51264764660484,-0.08336948461334867
4.14,15.349072676365102,46.89788735772974,15.349072676365102,-0.08337353637113881
4.16,15.185490125417585,46.39788735772974,15.185490125417585,-0.08337721783371449
4.18,15.021900689479898,45.89788735772975,15.021900689479898,-0.0833805593614492
4.2,14.85830500826161,45.397887357729736,14.85830500826161,-0.08338358919498601
4.22,14.69470366643633,44.89788735772974,14.69470366643633,-0.0833863333982134
4.24,14.531097201382437,44.39788735772972,14.531097201382437,-0.08338881622430004
4.26,14.367486102617356,43.897887357729736,14.367486102617356,-0.08339105997674642
4.28,14.203870819693432,43.39788735772973,14.203870819693432,-0.08339308540684673
4.3,14.040251760975794,42.89788735772974,14.040251760975794,-0.08339491154362999
4.32,13.876629300888442,42.397887357729736,13.876629300888442,-0.08339655607110794
4.34,13.713003778721376,41.89788735772975,13.713003778721376,-0.08339803516841775
4.36,13.549375504985594,41.397887357729736,13.549375504985594,-0.08339936384897426
4.38,13.385744760356982,40.89788735772974,13.385744760356982,-0.08340055581698441
4.4,13.222111801177725,40.39788735772973,13.222111801177725,-0.08340162376789025
4.42,13.058476858579452,39.89788735772974,13.058476858579452,-0.08340257926367434
4.44,12.894840143177579,39.39788735772973,12.894840143177579,-0.08340343299468306
4.46,12.731201844400408,38.89788735772974,12.731201844400408,-0.08340419467534514
4.48,12.567562134427064,38.397887357729736,12.567562134427064,-0.08340487326788368
4.5,12.403921167733662,37.89788735772974,12.403921167733662,-0.08340547689918644
4.52,12.240279084334155,37.39788735772975,12.240279084334155,-0.08340601304768083
4.54,12.076636009545314,36.897887357729736,12.076636009545314,-0.08340648848158158
4.56,11.912992056587877,36.397887357729736,11.912992056587877,-0.0834069094102586
4.58,11.74934732656792,35.89788735772973,11.74934732656792,-0.08340728144388433
4.6,11.58570191049597,35.397887357729736,11.58570191049597,-0.08340760971086318
4.62,11.422055889478196,34.89788735772973,11.422055889478196,-0.08340789883867399
4.64,11.258409336208908,34.397887357729736,11.258409336208908,-0.08340815303897951
4.66,11.094762315360219,33.89788735772973,11.094762315360219,-0.08340837610916012
4.68,10.931114884604687,33.39788735772974,10.931114884604687,-0.08340857148705533
4.7,10.767467095186786,32.897887357729736,10.767467095186786,-0.08340874227229632
4.72,10.603818992531012,32.39788735772974,10.603818992531012,-0.08340889125277133
4.74,10.44017061697545,31.897887357729733,10.44017061697545,-0.08340902094460266
4.76,10.27652200402011,31.39788735772974,10.27652200402011,-0.08340913359265666
4.78,10.112873185200183,30.89788735772973,10.112873185200183,-0.0834092312277489
4.8,9.94922418802682,30.39788735772974,9.94922418802682,-0.08340931564358278
4.82,9.785575036971009,29.89788735772973,9.785575036971009,-0.08340938846908448
4.84,9.621925753176042,29.397887357729743,9.621925753176042,-0.08340945112699569
4.86,9.45827635546157,28.89788735772973,9.45827635546157,-0.08340950491334552
4.88,9.294626859954052,28.39788735772974,9.294626859954052,-0.08340955094984455
4.9,9.13097728097755,27.897887357729726,9.13097728097755,-0.08340959025769212
4.92,8.96732763072315,27.39788735772974,8.96732763072315,-0.08340962371460824
4.94,8.803677919987985,26.897887357729726,8.803677919987985,-0.08340965211844881
4.96,8.640028157895655,26.39788735772974,8.640028157895655,-0.08340967614997406
4.98,8.47637835250008,25.897887357729726,8.47637835250008,-0.08340969642685088
5,8.312728510556326,25.397887357729736,8.312728510556326,-0.08340971347216565
5.02,8.149078638004493,24.89788735772974,8.149078638004493,-0.08340972775936002
5.04,7.9854287397884605,24.39788735772973,7.9854287397884605,-0.0834097396863361
5.06,7.821778820235641,23.89788735772974,7.821778820235641,-0.08340974961205364
5.08,7.658128882920321,23.39788735772973,7.658128882920321,-0.08340975783601853
5.1,7.494478930931365,22.89788735772974,7.494478930931365,-0.08340976462452454
5.12,7.3308289667350355,22.397887357729733,7.3308289667350355,-0.08340977018980243
5.14,7.16717899249058,21.89788735772975,7.16717899249058,-0.08340977472419958
5.16,7.003529010013695,21.39788735772975,7.003529010013695,-0.083409778393083
5.18,6.839879020825449,20.897887357729765,6.839879020825449,-0.08340978133816018
5.2,6.676229026270759,20.397887357729754,6.676229026270759,-0.08340978369085225
5.22,6.512579027659937,19.89788735772977,6.512579027659937,-0.08340978559091532
5.24,6.348929026130341,19.397887357729733,6.348929026130341,-0.08340978716755135
5.26,6.185279021375529,18.89788735772973,6.185279021375529,-0.08340978834967386
5.28,6.021629014426677,18.397887357729708,6.021629014426677,-0.0834097892620815
5.3,5.857979005762387,17.897887357729722,5.857979005762387,-0.08340978995705373
5.32,5.694328995800873,17.397887357729708,5.694328995800873,-0.08340979048316481
5.34,5.530678984952667,16.89788735772972,5.530678984952667,-0.08340979089345928
5.36,5.367028973666275,16.39788735772971,5.367028973666275,-0.08340979125394185
5.38,5.203378962330781,15.897887357729736,5.203378962330781,-0.08340979162844796
5.4,5.039728950497081,15.397887357729736,5.039728950497081,-0.0834097919366674
5.42,4.8760789384849605,14.897887357729754,4.8760789384849605,-0.08340979223203537
5.44,4.712428926261971,14.397887357729749,4.712428926261971,-0.08340979250690474
5.46,4.5487789137158545,13.897887357729756,4.5487789137158545,-0.08340979273643996
5.48,4.385128901094598,13.39788735772974,4.385128901094598,-0.08340979296740307
5.5,4.221478888487987,12.897887357729745,4.221478888487987,-0.0834097932194516
5.52,4.057828875585131,12.39788735772975,4.057828875585131,-0.08340979342491384
5.54,3.8941788622156475,11.897887357729727,3.8941788622156475,-0.08340979353781472
5.56,3.7305288481951946,11.39788735772973,3.7305288481951946,-0.08340979350067604
5.58,3.566878834798635,10.89788735772971,3.566878834798635,-0.08340979362045473
5.6,3.4032288213805395,10.397887357729712,3.4032288213805395,-0.08340979374595081
5.62,3.2395788079777224,9.897887357729697,3.2395788079777224,-0.08340979388845027
5.64,3.075928794628319,9.397887357729713,3.075928794628319,-0.0834097940620263
5.66,2.91227878118114,8.897887357729703,2.91227878118114,-0.08340979422433957
5.68,2.7486287674392793,8.397887357729715,2.7486287674392793,-0.08340979430771012
5.7,2.5849787535490125,7.897887357729705,2.5849787535490125,-0.08340979434901677
5.72,2.4213287394950376,7.3978873577297195,2.4213287394950376,-0.0834097943339328
5.74,2.257678725262021,6.897887357729713,2.257678725262021,-0.08340979424397586
5.76,2.0940287108346602,6.397887357729729,2.0940287108346602,-0.083409794054888
5.78,1.9303786963253098,5.897887357729717,1.9303786963253098,-0.08340979379481343
5.8,1.7667286820598165,5.397887357729732,1.7667286820598165,-0.08340979361306806
5.82,1.6030786678149151,4.897887357729724,1.6030786678149151,-0.08340979340599394
5.84,1.4394286536129821,4.397887357729737,1.4394286536129821,-0.0834097931791915
5.86,1.2757786394763633,3.8978873577297275,1.2757786394763633,-0.08340979294113401
5.88,1.1121286254274354,3.397887357729739,1.1121286254274354,-0.0834097927052831
5.9,0.9484786114752702,2.8978873577297204,0.9484786114752702,-0.08340979248156385
5.92,0.7848285975197592,2.397887357729732,0.7848285975197592,-0.08340979216062722
5.94,0.6211785836540511,1.8978873577297217,0.6211785836540511,-0.08340979180310908
5.96,0.4575285698916054,1.3978873577297335,0.4575285698916054,-0.0834097913966914
5.98,0.2938785562458529,0.8978873577297224,0.2938785562458529,-0.0834097909016188
6,0.1302285427302534,0.3978873577297335,0.1302285427302534,-0.08340979007829989
6.00000000000122,0.1302285427202678,0.39788735769922456,0.1302285427202678,-0.08340979007829974
6.00000000000122,0.1302285427202678,0.39788735769922456,0.1302285427202678,-0.08340979007829974
6.02,0.034765909380348244,0.1132425405315174,0.034765909380348244,-0.02281393569245627
6.04,0.009729996845865774,0.032229907943066474,0.009729996845865774,-0.00627178650851891
6.06,0.0027567588124026935,0.009172941624749215,0.0027567588124026935,-0.001768861663193196
6.08,7.836057719577382e-4,0.002610708245209337,7.836057719577382e-4,-5.019084966086015e-4
6.1,2.2294156888026065e-4,7.430332759278894e-4,2.2294156888026065e-4,-1.416788356361505e-4
6.12,6.344525402677839e-5,2.1147581262563717e-4,6.344525402677839e-5,-3.9565435204546444e-5
6.14,1.805637849249729e-5,6.0187231819701413e-5,1.805637849249729e-5,-1.1571898924983332e-5
6.16,5.138540426115828e-6,1.7128524339735455e-5,5.138557301920636e-6,3.284152305070842e-6
6.18,1.4630863206015704e-6,4.876958971685823e-6,1.4630876915057468e-6,9.369938551115323e-7
6.2,4.1588539907182446e-7,1.3865723304336582e-6,4.1597169913009744e-7,2.074661772746837e-4
6.22,1.185587871344867e-7,3.951959870667908e-7,1.1855879612003725e-7,7.578982618415077e-8
6.24,3.3751171042114446e-8,1.1250328445905718e-7,3.3751171042114446e-8,-5.502161600902944e-6
6.26,7.171360067977302e-9,3.252657653768972e-8,9.757972961306916e-9,0.2650768662289038
6.28,-1.721496530374978,9.108435075597966e-9,1.721496530374978,1.0000000015872994
6.3,-3.683496532643608,2.154607814944486e-9,3.683496532643608,1.0000000001754807
6.32,-5.645496533053067,4.179332225747369e-10,5.645496533053067,1.000000000022209
6.34,-7.607496533068456,1.823588331665147e-10,7.607496533068456,1.0000000000071911
6.36,-9.569496533029636,1.7123799710147838e-10,9.569496533029636,1.0000000000053684
6.38,-11.531496533044704,3.2474015773981373e-11,11.531496533044704,1.0000000000008449
6.4,-13.493496533083887,-7.28158488947824e-11,13.493496533083887,0.9999999999983811
6.42,-15.455496533117925,-8.941520900130287e-11,15.455496533117925,0.9999999999982644
6.44,-17.417496533142536,-8.999089977635618e-11,17.417496533142536,0.99999999999845
6.46,-19.379496533158747,-6.640802181166583e-11,19.379496533158747,0.9999999999989719
6.48,-21.341496533163934,-2.886115163690942e-11,21.341496533163934,0.9999999999995943
6.5,-23.30349653316814,9.228091145817358e-12,23.30349653316814,1
6.52,-25.2654965331721,3.709671294311203e-11,25.2654965331721,1
6.54,-27.227496533179053,4.3736907744120086e-11,27.227496533179053,1
6.56,-29.189496533189008,2.8643873283558574e-11,29.189496533189008,1
6.58,-31.15149653319098,3.205232584964539e-11,31.15149653319098,1
6.6,-33.113496533190855,3.24989567198239e-11,33.113496533190855,1
6.62,-35.07549653318867,3.069948435975953e-11,35.07549653318867,1
6.64,-37.0374965331841,2.7369627235117778e-11,37.0374965331841,1
6.66,-38.999496533177215,2.3225103811563734e-11,38.999496533177215,1
6.68,-40.961496533173154,1.7957203641221654e-11,40.961496533173154,1
6.7,-42.92349653317053,1.2555597411508546e-11,42.92349653317053,1
6.72,-44.88549653316905,7.732271284261993e-12,44.88549653316905,1
6.74,-46.847496533169334,4.0904254142660275e-12,46.847496533169334,1
6.76,-48.80949653317169,2.233259956305394e-12,48.80949653317169,1
6.78,-50.77149653317347,3.061121559594821e-14,50.77149653317347,1
6.8,-52.733496533172584,-3.823274500417936e-12,52.733496533172584,1
6.82,-54.695496533171394,-7.334010250226187e-12,54.695496533171394,1
6.84,-56.65749653316961,-1.0371166143039154e-11,56.65749653316961,0.999999999999945
6.86,-58.61949653316732,-1.2804312288067753e-11,58.61949653316732,0.9999999999999344
6.88,-60.58149653316423,-1.4503018794522429e-11,60.58149653316423,0.9999999999999282
6.9,-62.5434965331604,-1.5336855771613975e-11,62.5434965331604,0.9999999999999264
6.92,-64.50549653315558,-1.5175393328552985e-11,64.50549653315558,0.9999999999999295
6.94,-66.4674965331498,-1.3888201574550093e-11,66.4674965331498,0.9999999999999374
6.96,-68.42949653314281,-1.1344850618816065e-11,68.42949653314281,1
6.98,-70.39149653313466,-7.414910570561328e-12,70.39149653313466,1
7,-72.353496533129,-6.696944506327694e-12,72.353496533129,1
7.000000000001492,-72.35349653327539,-6.696944506341342e-12,72.35349653327539,1
7.000000000001492,-72.35349653327539,-6.696944506341342e-12,72.35349653327539,1
7.02,-74.31549653312896,-1.7347748997372046e-12,74.31549653312896,1
7.04,-76.27749653312902,-6.199977148558575e-15,76.27749653312902,1
7.06,-78.23949653312893,7.0269300170898e-13,78.23949653312893,1
7.08,-80.20149653312893,8.554892912896315e-13,80.20149653312893,1
7.1,-82.16349653312882,8.033553625256865e-13,82.16349653312882,1
7.12,-84.12549653312887,8.649302990228028e-13,84.12549653312887,1
7.14,-86.08749653312881,8.231871712349425e-13,86.08749653312881,1
7.16,-88.04949653312886,6.781259791621016e-13,88.04949653312886,1
7.18,-90.01149653312882,4.745037811181494e-13,90.01149653312882,1
7.2,-91.97349653312885,4.264652891220613e-13,91.97349653312885,1
7.22,-93.9354965331288,3.8021454915924407e-13,93.9354965331288,1
7.24,-95.89749653312882,3.357515612296937e-13,95.89749653312882,1
7.26,-97.85949653312875,2.93076325333414e-13,97.85949653312875,1
7.28,-99.82149653312875,2.5218884147040145e-13,99.82149653312875,1
7.3,-101.78349653312868,2.1308910964065942e-13,101.78349653312868,1
7.32,-103.74549653312869,1.7577712984418463e-13,103.74549653312869,1
7.34,-105.70749653312862,1.4025290208098027e-13,105.70749653312862,1
7.36,-107.66949653312861,1.078553708854153e-13,107.66949653312861,1
7.38,-109.63149653312855,8.005570948392307e-14,109.63149653312855,1
7.4,-111.59349653312859,5.4829882113296526e-14,111.59349653312859,1
7.42,-113.55549653312852,3.217788877353794e-14,113.55549653312852,1
7.44,-115.51749653312855,1.2099729464645282e-14,115.51749653312855,1
7.46,-117.4794965331285,-5.4045958133796555e-15,117.4794965331285,1
7.48,-119.44149653312853,-2.0335087060538447e-14,119.44149653312853,1
7.5,-121.40349653312848,-3.2691744276829744e-14,121.40349653312848,1
7.52,-123.36549653312844,-4.247456746225425e-14,123.36549653312844,1
7.54,-125.32749653312847,-4.968355661681227e-14,125.32749653312847,1
7.56,-127.28949653312843,-5.4318711740503165e-14,127.28949653312843,1
7.58,-129.2514965331285,-5.638003283332732e-14,129.2514965331285,1
7.6,-131.21349653312842,-5.5867519895284544e-14,131.21349653312842,1
7.62,-133.17549653312847,-5.278117292637483e-14,133.17549653312847,1
7.64,-135.13749653312843,-4.71209919265984e-14,135.13749653312843,1
7.66,-137.0994965331285,-3.8886976895954794e-14,137.0994965331285,1
7.68,-139.06149653312843,-2.807912783444474e-14,139.06149653312843,1
7.7,-141.0234965331285,-1.4697444742067257e-14,141.0234965331285,1
7.72,-142.9854965331284,-1.4391353944050594e-14,142.9854965331284,1
7.74,-144.94749653312846,-1.8960425720596468e-14,144.94749653312846,1
7.76,-146.9094965331284,-2.3252572067881616e-14,146.9094965331284,1
7.78,-148.87149653312844,-2.7267792985906426e-14,148.87149653312844,1
7.8,-150.83349653312837,-3.1006088474670534e-14,150.83349653312837,1
7.82,-152.79549653312841,-3.446745853417428e-14,152.79549653312841,1
7.84,-154.75749653312837,-3.7651903164417344e-14,154.75749653312837,1
7.86,-156.71949653312842,-4.055942236540002e-14,156.71949653312842,1
7.88,-158.68149653312838,-4.319001613712205e-14,158.68149653312838,1
7.9,-160.64349653312843,-4.5543684479583665e-14,160.64349653312843,1
7.92,-162.60549653312836,-4.762042739278466e-14,162.60549653312836,1
7.94,-164.5674965331284,-4.94202448767252e-14,164.5674965331284,1
7.96,-166.52949653312837,-5.094313693140514e-14,166.52949653312837,1
7.98,-168.4914965331284,-5.2189103556824627e-14,168.4914965331284,1
8,-170.45349653312837,-5.315814475298353e-14,170.45349653312837,1
8.02,-172.41549653312833,-5.3850260519881913e-14,172.41549653312833,1
8.04,-174.3774965331283,-5.426545085751979e-14,174.3774965331283,1
8.06,-176.3394965331284,-5.440371576589715e-14,176.3394965331284,1
8.08,-178.30149653312836,-5.426505524501398e-14,178.30149653312836,1
8.1,-180.26349653312832,-5.384946929487029e-14,180.26349653312832,1
8.12,-182.22549653312828,-5.315695791546609e-14,182.22549653312828,1
8.14,-184.1874965331284,-5.2187521106801266e-14,184.1874965331284,1
8.16,-186.14949653312834,-5.0941158868876015e-14,186.14949653312834,1
8.18,-188.1114965331283,-4.9417871201690236e-14,188.1114965331283,1
8.2,-190.07349653312826,-4.7617658105243955e-14,190.07349653312826,1
8.22,-192.0354965331284,-4.554051957953695e-14,192.0354965331284,1
8.24,-193.99749653312836,-4.318645562456962e-14,193.99749653312836,1
8.26,-195.9594965331283,-4.055546624034176e-14,195.9594965331283,1
8.28,-197.92149653312825,-3.764755142685339e-14,197.92149653312825,1
8.3,-199.88349653312838,-3.4462711184104216e-14,199.88349653312838,1
8.32,-201.84549653312834,-3.1000945512094794e-14,201.84549653312834,1
8.34,-203.8074965331283,-2.726225441082486e-14,203.8074965331283,1
8.36,-205.76949653312826,-2.324663788029441e-14,205.76949653312826,1
8.38,-207.73149653312836,-1.8954095920503052e-14,207.73149653312836,1
8.4,-209.69349653312833,-1.438462853145155e-14,209.69349653312833,1
8.42,-211.65549653312831,-1.1903226727816434e-14,211.65549653312831,1
8.44,-213.61749653312827,-1.1874423601835289e-14,213.61749653312827,1
8.46,-215.5794965331284,-1.1842408022483675e-14,215.5794965331284,1
8.48,-217.54149653312837,-1.1807179989761588e-14,217.54149653312837,1
8.5,-219.50349653312833,-1.1768739503669031e-14,219.50349653312833,1
8.52,-221.46549653312826,-1.1727086564206006e-14,221.46549653312826,1
8.54,-223.42749653312825,-1.1682221171372509e-14,223.42749653312825,1
8.56,-225.38949653312832,-1.1634143325168535e-14,225.38949653312832,1
8.58,-227.35149653312828,-1.1582853025594097e-14,227.35149653312828,1
8.6,-229.31349653312824,-1.1528350272649185e-14,229.31349653312824,1
8.62,-231.2754965331282,-1.1470635066333805e-14,231.2754965331282,1
8.64,-233.23749653312834,-1.1409707406647946e-14,233.23749653312834,1
8.66,-235.1994965331283,-1.1345567293591624e-14,235.1994965331283,1
8.68,-237.16149653312826,-1.1278214727164829e-14,237.16149653312826,1
8.7,-239.12349653312822,-1.1207649707367564e-14,239.12349653312822,1
8.72,-241.08549653312835,-1.1133872234199822e-14,241.08549653312835,1
8.74,-243.0474965331283,-1.1056882307661615e-14,243.0474965331283,1
8.76,-245.00949653312827,-1.0976679927752937e-14,245.00949653312827,1
8.78,-246.97149653312823,-1.0893265094473788e-14,246.97149653312823,1
8.8,-248.93349653312836,-1.080663780782416e-14,248.93349653312836,1
8.82,-250.8954965331283,-1.0716798067804071e-14,250.8954965331283,1
8.84,-252.85749653312828,-1.062374587441351e-14,252.85749653312828,1
8.86,-254.81949653312822,-1.0527481227652479e-14,254.81949653312822,1
8.88,-256.7814965331283,-1.0428004127520967e-14,256.7814965331283,1
8.9,-258.7434965331283,-1.0325314574018992e-14,258.7434965331283,1
8.92,-260.70549653312827,-1.0219412567146548e-14,260.70549653312827,1
8.94,-262.6674965331282,-1.0110298106903632e-14,262.6674965331282,1
8.96,-264.62949653312836,-9.997971193290236e-15,264.62949653312836,1
8.98,-266.5914965331283,-9.882431826306379e-15,266.5914965331283,1
9,-268.5534965331282,-9.76368000595205e-15,268.5534965331282,1
9.02,-270.5154965331282,-9.64171573222725e-15,270.5154965331282,1
9.04,-272.47749653312815,-9.51653900513198e-15,272.47749653312815,1
9.06,-274.4394965331283,-9.388149824666226e-15,274.4394965331283,1
9.08,-276.4014965331283,-9.256548190830014e-15,276.4014965331283,1
9.1,-278.3634965331282,-9.121734103623333e-15,278.3634965331282,1
9.12,-280.32549653312816,-8.983707563046178e-15,280.32549653312816,1
9.14,-282.2874965331283,-8.842468569098541e-15,282.2874965331283,1
9.16,-284.24949653312825,-8.698017121780445e-15,284.24949653312825,1
9.18,-286.21149653312824,-8.55035322109188e-15,286.21149653312824,1
9.2,-288.1734965331282,-8.39947686703284e-15,288.1734965331282,1
9.22,-290.13549653312833,-8.24538805960332e-15,290.13549653312833,1
9.24,-292.09749653312826,-8.088086798803341e-15,292.09749653312826,1
9.26,-294.0594965331282,-7.92757308463289e-15,294.0594965331282,1
9.28,-296.0214965331282,-7.76384691709197e-15,296.0214965331282,1
9.3,-297.9834965331283,-7.596908296180563e-15,297.9834965331283,1
9.32,-299.9454965331283,-7.4267572218987e-15,299.9454965331283,1
9.34,-301.9074965331282,-7.253393694246366e-15,301.9074965331282,1
9.36,-303.8694965331282,-7.076817713223561e-15,303.8694965331282,1
9.38,-305.8314965331283,-6.89702927883027e-15,305.8314965331283,1
9.4,-307.7934965331283,-6.714028391066524e-15,307.7934965331283,1
9.42,-309.7554965331282,-6.527815049932306e-15,309.7554965331282,1
9.44,-311.7174965331282,-6.338389255427618e-15,311.7174965331282,1
9.46,-313.6794965331283,-6.1457510075524414e-15,313.6794965331283,1
9.48,-315.64149653312836,-5.949900306306812e-15,315.64149653312836,1
9.5,-317.6034965331283,-5.750837151690711e-15,317.6034965331283,1
9.52,-319.5654965331283,-5.54856154370414e-15,319.5654965331283,1
9.54,-321.5274965331282,-5.343073482347097e-15,321.5274965331282,1
9.56,-323.4894965331284,-5.134372967619565e-15,323.4894965331284,1
9.58,-325.4514965331283,-4.92245999952158e-15,325.4514965331283,1
9.6,-327.4134965331283,-4.707334578053125e-15,327.4134965331283,1
9.62,-329.3754965331282,-4.488996703214199e-15,329.3754965331282,1
9.64,-331.33749653312833,-4.2674463750047815e-15,331.33749653312833,1
9.66,-333.2994965331283,-4.0426835934249136e-15,333.2994965331283,1
9.68,-335.26149653312825,-3.8147083584745745e-15,335.26149653312825,1
9.7,-337.22349653312824,-3.583520670153765e-15,337.22349653312824,1
9.72,-339.18549653312834,-3.349120528462463e-15,339.18549653312834,1
9.74,-341.14749653312833,-3.1115079334007114e-15,341.14749653312833,1
9.76,-343.10949653312827,-2.8706828849684888e-15,343.10949653312827,1
9.78,-345.07149653312825,-2.6266453831657953e-15,345.07149653312825,1
9.8,-347.03349653312836,-2.3793954279926093e-15,347.03349653312836,1
9.82,-348.99549653312835,-2.128933019448974e-15,348.99549653312835,1
9.84,-350.9574965331283,-2.0267786951003735e-15,350.9574965331283,1
9.86,-352.9194965331282,-1.9308973638329465e-15,352.9194965331282,1
9.88,-354.88149653312837,-1.8361876485648916e-15,354.88149653312837,1
9.9,-356.8434965331283,-1.7426495492962238e-15,356.8434965331283,1
9.92,-358.8054965331283,-1.6502830660269363e-15,358.8054965331283,1
9.94,-360.7674965331282,-1.559088198757028e-15,360.7674965331282,1
9.96,-362.7294965331283,-1.4690649474864917e-15,362.7294965331283,1
9.98,-364.6914965331283,-1.3802133122153429e-15,364.6914965331283,1
10,-366.6534965331283,-1.292533292943574e-15,366.6534965331283,1
10,-366.6534965331283,-1.292533292943574e-15,366.6534965331283,1
